modelo,cv_rmse_mean,cv_rmse_std,cv_r2_mean,cv_r2_std,test_rmse,test_mae,test_r2
RandomForest,332.9870067460428,14.047347695401564,0.8055239714009972,0.015976857397854365,314.4426997388941,209.92511068250255,0.814625810377337
GradientBoosting,454.39583691479584,8.438722303330566,0.638472356668127,0.0075556859263240074,445.7439138414822,322.3017531797553,0.6274907367893383
SVR_rbf,571.1168616653952,14.628515259272305,0.4290208046009055,0.013771842360857321,542.1260454992076,359.49271065133644,0.44898074134116817
Lasso,570.2202467317817,15.040179635865039,0.43082700047895595,0.014103674560428978,546.7391077765895,392.56359037430997,0.4395633709931751
Ridge,570.221009979428,14.99610081377422,0.43082515713987435,0.014023437459003998,546.7674391233519,392.68216732517163,0.4395052872174361
OLS,570.223625098273,14.972114694981169,0.43081976930396965,0.013979363122304425,546.7886006248698,392.7222669515314,0.4394619008034233
ElasticNet,578.4134110324906,16.270319378329003,0.41436129722962534,0.016321289651683717,553.7388063259563,394.9126366341371,0.4251213856242255
SVR_lineal,595.9636722564625,16.039466416359208,0.3782943803309154,0.01532052588190283,569.3796712911078,386.6684883672296,0.3921867720901959
